id,first_name,last_name,email
1,Perl,Goudy,pgoudy0@state.gov
2,Thorn,Cryer,tcryer1@google.fr
3,Gleda,Chalmers,gchalmers2@woothemes.com
4,Tessi,Churchman,tchurchman3@weibo.com
5,Basile,Lebel,blebel4@wordpress.com
6,Allys,Duckering,aduckering5@forbes.com
7,Shawnee,Joan,sjoan6@g.co
8,Letitia,Hookes,lhookes7@mapy.cz
9,Nickola,Mouatt,nmouatt8@mozilla.org
10,Lina,Double,ldouble9@java.com
11,Emanuel,Abrahmson,eabrahmsona@sohu.com
12,Calli,Snadden,csnaddenb@hc360.com
13,Sheela,Jeffray,sjeffrayc@godaddy.com
14,Addie,Phillippo,aphillippod@reuters.com
15,Renault,Jollye,rjollyee@netvibes.com
16,Nettle,Davidai,ndavidaif@wp.com
17,Marty,Natt,mnattg@drupal.org
18,Yelena,Nobes,ynobesh@blogger.com
19,Kingsly,O'Cassidy,kocassidyi@biglobe.ne.jp
20,Berri,Gomme,bgommej@thetimes.co.uk
